(Intercept),mean.dentifera.density_z,mean.pulicaria.density_z,mean.retrocurva.density_z,species.richness_z,Year,mean.dentifera.density_z:Year,mean.pulicaria.density_z:Year,mean.retrocurva.density_z:Year,df,logLik,AICc,delta,weight
0.713640318498207,0.260676801710898,NA,NA,NA,NA,NA,NA,NA,4,-62.6970528135406,128.434135367756,0,0.315701592563057
0.712087260953908,0.299929467787314,NA,0.0741399881781896,NA,NA,NA,NA,NA,5,-63.7901655833361,130.296062650999,1.86192728324335,0.124441260141289
0.713464517812713,0.258466570215625,NA,NA,-0.0369103512705671,NA,NA,NA,NA,5,-64.0891951444588,130.662789142104,2.22865377434761,0.103593082143898
0.713570534413788,0.259952626479044,-0.0052104328047438,NA,NA,NA,NA,NA,NA,5,-64.1498795487788,130.829996135304,2.3958607675483,0.0952844907737724
0.730558670433405,NA,NA,NA,NA,NA,NA,NA,NA,3,-63.9355670013836,131.735620920695,3.30148555293934,0.060585443843925
0.710785678557674,0.317717607871543,NA,0.117217762412958,-0.0838153183314812,NA,NA,NA,NA,6,-64.8139542780299,132.081248567539,3.64711319978323,0.0509701843003754
