cond((Int)),disp((Int)),cond(mean.dentifera.density_z),cond(mean.pulicaria.density_z),cond(mean.retrocurva.density_z),cond(species.richness_z),df,logLik,AICc,delta,weight
-2.93414671109623,+,0.434972990041358,NA,NA,NA,5,-191.359361601194,393.850798674086,0,0.332590651315783
-2.94700273699173,+,0.527329843889688,NA,0.120177810468742,NA,6,-191.066767789862,395.748920195108,1.89812152102172,0.128747316674419
-2.93690192219864,+,0.404985068012886,-0.0985882340938242,NA,NA,6,-191.137594334592,395.890573284569,2.03977461048333,0.119944022314326
-2.94222522060529,+,0.443522201838037,NA,NA,-0.0822194037796706,6,-191.137644831039,395.890674277462,2.03987560337617,0.119937965720349
-2.97871450443106,+,0.634436252062087,NA,0.221925472521066,-0.17230953528197,7,-190.342776406269,396.88163124391,3.03083256982404,0.0730757207104515
-2.95150660809382,+,0.504474111470833,-0.111433569159309,0.131469224830455,NA,7,-190.787345633727,397.770769698826,3.91997102474045,0.0468488726816494
